Age,Sex,MVPA_Frequency_T0,Leisure_Exercise_T0,YAP_sedentary_general_T0,Leisure_PA_T0,MVPA_Usual_Week_T0,Group_Final,MVPA_Frequency_T1,MVPA_Usual_Week_T1,Leisure_Exercise_T1,PE_hours_T0,Extracurricular_Session_Coach_T0,Extracurricular_Session_School_T0,Leisure_PA_T1,COVID_impact_T0,SixMW_T0,SLJ_T0,HG_Average_T0,MVPA_Improvement,Motivation_T0,Self_Monitoring_T0,Delta_MVPA_Frequency,Delta_MVPA_Usual_Week,Delta_Leisure_Exercise,Delta_Leisure_PA,BMI_for_age_zscore,BMI_category
11,2,6,1,2,1,6,B,2.0,2.0,1.0,1,1,0,2.0,6,610,80.0,23.5,-4.0,10.0,2.75,-4.0,-4.0,0.0,1.0,-1.248957805112492,Below normal
11,2,2,2,2,2,2,B,3.0,2.0,3.0,2,2,0,2.0,10,730,170.0,22.5,1.0,13.666666666666668,2.75,1.0,0.0,1.0,0.0,-0.5373793743648385,Normal
11,2,1,2,3,2,1,B,3.0,2.0,1.0,2,1,0,2.0,6,680,116.0,20.0,2.0,10.0,1.75,2.0,1.0,-1.0,0.0,2.6192892785514945,Obesity
11,1,2,3,3,2,2,B,4.0,4.0,3.0,2,4,1,3.0,10,688,147.0,12.0,2.0,11.5,3.5,2.0,2.0,0.0,1.0,-0.28142755970109495,Normal
11,1,3,4,2,3,2,B,4.0,4.0,4.0,2,3,0,4.0,5,727,191.0,24.5,1.0,3.333333333333334,4.25,1.0,2.0,0.0,1.0,-1.09073482396963,Below normal
11,1,2,0,3,1,0,B,0.0,3.0,3.0,2,0,0,3.0,10,650,130.0,18.5,-2.0,-7.0,1.0,-2.0,3.0,3.0,2.0,1.4911932838340636,Overweight
11,1,2,1,2,4,2,B,5.0,4.0,4.0,2,2,0,4.0,8,760,130.0,19.0,3.0,8.5,3.75,3.0,2.0,3.0,0.0,1.979714544102158,Overweight
11,1,3,1,3,2,3,B,3.0,4.0,2.0,2,4,0,3.0,10,576,120.0,19.0,0.0,6.666666666666666,1.0,0.0,1.0,1.0,1.0,1.4194392114297618,Overweight
11,1,0,1,2,1,1,B,1.0,2.0,2.0,2,1,0,2.0,10,584,102.0,17.0,1.0,6.333333333333334,1.0,1.0,1.0,1.0,1.0,0.6328031568495516,Normal
11,1,3,2,2,3,3,B,3.0,3.0,3.0,2,3,3,3.0,10,780,120.0,14.0,0.0,6.833333333333333,4.5,0.0,0.0,1.0,0.0,1.044596729441827,Overweight
11,1,1,2,2,2,1,B,1.0,1.0,3.0,2,0,0,1.0,8,687,197.0,23.5,0.0,8.666666666666666,2.0,0.0,0.0,1.0,-1.0,0.5577432245730038,Normal
11,1,2,2,2,2,3,B,4.0,3.0,4.0,2,2,0,3.0,7,770,175.0,23.0,2.0,8.166666666666666,2.25,2.0,0.0,2.0,1.0,-0.40025137362614494,Normal
11,1,2,2,2,2,1,B,5.0,5.0,1.0,2,0,0,3.0,10,763,131.0,26.5,3.0,9.5,2.0,3.0,4.0,-1.0,1.0,1.6295210907434754,Overweight
11,1,3,2,3,2,2,B,3.0,2.0,2.0,2,3,0,2.0,10,746,132.0,19.5,0.0,8.5,2.5,0.0,0.0,0.0,0.0,-0.06805275707331222,Normal
11,1,1,2,1,1,3,B,2.0,3.0,2.0,2,1,0,3.0,7,648,135.0,22.5,1.0,8.0,3.75,1.0,0.0,0.0,2.0,-0.5072710105811421,Normal
11,1,4,3,3,4,3,B,4.0,4.0,5.0,2,3,3,3.0,10,740,160.0,17.0,0.0,8.0,4.0,0.0,1.0,2.0,-1.0,-0.3907214497256038,Normal
11,1,6,3,3,4,6,B,2.0,2.0,1.0,0,0,0,2.0,10,630,138.0,11.0,-4.0,-4.166666666666666,3.5,-4.0,-4.0,-2.0,-2.0,2.304571711726894,Obesity
11,1,4,3,1,3,4,B,7.0,6.0,5.0,2,3,0,5.0,10,680,140.0,27.0,3.0,6.666666666666666,4.0,3.0,2.0,2.0,2.0,-0.17385193595517498,Normal
11,1,2,3,2,3,2,B,4.0,3.0,3.0,3,4,3,3.0,10,675,157.0,27.0,2.0,0.0,4.0,2.0,1.0,0.0,0.0,0.04568746774314007,Normal
11,1,3,3,3,3,3,B,3.0,3.0,1.0,2,3,2,3.0,6,775,133.0,29.0,0.0,2.0,4.25,0.0,0.0,-2.0,0.0,0.6708392060236869,Normal
11,1,3,3,3,3,3,B,3.0,3.0,3.0,2,3,0,3.0,10,681,115.0,18.5,0.0,0.0,3.5,0.0,0.0,0.0,0.0,0.9784641517062702,Normal
11,1,3,3,3,3,4,B,4.0,4.0,3.0,2,4,0,3.0,5,640,130.0,19.0,1.0,7.0,3.0,1.0,0.0,0.0,0.0,-0.516059621818203,Normal
11,1,4,3,3,3,4,B,3.0,1.0,4.0,2,0,1,3.0,9,718,160.0,20.0,-1.0,3.333333333333334,3.25,-1.0,-3.0,1.0,0.0,-1.3058283772733144,Below normal
11,1,4,3,1,2,6,B,5.0,5.0,4.0,5,4,4,3.0,5,880,138.0,21.5,1.0,7.166666666666666,4.75,1.0,-1.0,1.0,1.0,-0.6142684123544487,Normal
11,1,2,3,2,2,2,B,2.0,1.0,3.0,2,1,0,3.0,5,740,158.0,27.5,0.0,0.8333333333333339,3.0,0.0,-1.0,0.0,1.0,1.7677774357517648,Overweight
11,1,2,3,2,2,2,B,3.0,3.0,3.0,4,2,0,3.0,10,596,112.0,29.0,1.0,11.166666666666666,3.5,1.0,1.0,0.0,1.0,1.6506738021521912,Overweight
11,1,3,3,2,2,2,B,2.0,3.0,3.0,2,3,0,2.0,10,851,120.0,21.5,-1.0,6.0,5.0,-1.0,1.0,0.0,0.0,-0.28134714007401235,Normal
11,1,2,3,3,2,3,B,7.0,7.0,0.0,2,3,0,5.0,5,779,158.0,17.0,5.0,6.333333333333334,3.0,5.0,4.0,-3.0,3.0,-0.306593014113624,Normal
11,1,2,3,3,2,2,B,2.0,2.0,2.0,2,1,2,2.0,10,555,152.0,22.0,0.0,9.5,1.75,0.0,0.0,-1.0,0.0,-0.0833457061615925,Normal
11,1,3,3,3,2,2,B,2.0,2.0,1.0,2,2,2,1.0,9,696,116.0,12.0,-1.0,7.333333333333334,4.0,-1.0,0.0,-2.0,-1.0,2.006314894191788,Obesity
11,1,0,4,2,5,5,B,5.0,5.0,5.0,2,0,0,4.0,10,787,150.0,19.0,5.0,11.333333333333332,3.5,5.0,0.0,1.0,-1.0,-3.1349566992771183,Thinness
11,1,3,4,2,5,3,B,4.0,4.0,3.0,2,3,0,3.0,8,713,140.0,23.5,1.0,12.0,5.0,1.0,1.0,-1.0,-2.0,1.7253111795973974,Overweight
11,1,7,4,2,5,7,B,6.0,6.0,4.0,5,4,1,4.0,10,825,173.0,19.0,-1.0,0.8333333333333321,3.0,-1.0,-1.0,0.0,-1.0,-0.6474851500590624,Normal
11,1,5,4,2,4,4,B,4.0,4.0,4.0,2,2,0,3.0,7,840,170.0,23.0,-1.0,7.666666666666666,3.0,-1.0,0.0,0.0,-1.0,1.0611933064341976,Overweight
11,1,5,4,2,4,4,B,7.0,6.0,4.0,2,4,1,5.0,10,740,135.0,11.0,2.0,9.666666666666666,4.5,2.0,2.0,0.0,1.0,1.3451014004003428,Overweight
11,1,5,4,2,4,5,B,6.0,4.0,3.0,2,5,4,5.0,4,715,160.0,16.0,1.0,10.833333333333334,4.25,1.0,-1.0,-1.0,1.0,-0.2944665650645108,Normal
11,1,5,4,3,4,5,B,6.0,5.0,5.0,2,4,4,4.0,5,747,160.0,18.0,1.0,5.333333333333334,3.75,1.0,0.0,1.0,0.0,0.15135587023209568,Normal
11,1,6,4,3,4,6,B,6.0,5.0,4.0,5,0,5,4.0,4,620,140.0,21.5,0.0,8.0,4.25,0.0,-1.0,0.0,0.0,-0.19731604192387114,Normal
11,1,1,4,1,3,3,B,4.0,4.0,4.0,5,2,0,3.0,10,812,120.0,27.0,3.0,13.0,5.0,3.0,1.0,0.0,0.0,1.3451014004003428,Overweight
11,1,3,4,1,3,3,B,3.0,3.0,4.0,2,4,0,4.0,10,760,159.0,37.5,0.0,14.666666666666668,5.0,0.0,0.0,0.0,1.0,0.4675847721966768,Normal
11,1,3,4,1,3,3,B,5.0,3.0,3.0,2,2,0,3.0,10,718,160.0,15.5,2.0,10.166666666666666,1.0,2.0,0.0,-1.0,0.0,0.4403311402330452,Normal
11,1,3,4,2,3,4,B,4.0,4.0,4.0,4,2,0,3.0,2,790,140.0,24.0,1.0,13.833333333333332,3.5,1.0,0.0,0.0,0.0,0.1880190792929939,Normal
11,1,3,4,2,3,3,B,4.0,5.0,4.0,5,3,1,4.0,3,783,150.0,17.0,1.0,13.166666666666668,4.0,1.0,2.0,0.0,1.0,0.5373126232188848,Normal
11,1,4,4,2,3,3,B,4.0,3.0,4.0,2,3,3,3.0,1,760,152.0,32.5,0.0,13.333333333333332,1.0,0.0,0.0,0.0,0.0,0.6746246878855292,Normal
11,1,4,4,2,3,3,B,5.0,4.0,4.0,2,3,3,4.0,5,738,160.0,13.0,1.0,6.666666666666667,4.25,1.0,1.0,0.0,1.0,-0.5031916643868884,Normal
11,1,4,4,2,3,3,B,5.0,7.0,5.0,2,3,3,4.0,7,710,142.0,19.0,1.0,6.5,3.75,1.0,4.0,1.0,1.0,0.5489192433809796,Normal
11,1,6,4,2,3,5,B,5.0,4.0,4.0,2,4,0,4.0,8,830,165.0,16.0,-1.0,6.833333333333334,4.25,-1.0,-1.0,0.0,1.0,-0.1707232923938055,Normal
11,1,3,4,3,3,3,B,3.0,2.0,4.0,2,3,0,3.0,8,780,178.0,24.0,0.0,6.666666666666666,2.75,0.0,-1.0,0.0,0.0,-0.7529653847154867,Normal
11,1,3,4,4,3,4,B,3.0,3.0,3.0,4,3,3,2.0,6,772,173.0,22.5,0.0,-1.5,3.75,0.0,-1.0,-1.0,-1.0,0.20438886861308186,Normal
11,1,3,4,2,2,3,B,3.0,4.0,3.0,5,5,1,3.0,1,830,190.0,13.0,0.0,12.0,2.0,0.0,1.0,-1.0,1.0,-1.2287332386338488,Below normal
11,1,1,4,3,2,3,B,3.0,4.0,4.0,2,2,0,3.0,7,690,102.0,17.0,2.0,7.833333333333334,3.75,2.0,1.0,0.0,1.0,1.7267453455130417,Overweight
11,1,7,5,1,5,7,B,7.0,7.0,5.0,2,4,4,5.0,1,800,155.0,20.0,0.0,12.0,4.0,0.0,0.0,0.0,0.0,-1.1071277212543258,Below normal
11,1,7,5,1,5,7,B,6.0,7.0,5.0,2,3,4,5.0,1,756,151.0,16.5,-1.0,13.666666666666668,5.0,-1.0,0.0,0.0,0.0,-1.4257255008344012,Below normal
11,1,6,5,2,4,6,B,6.0,6.0,5.0,2,5,0,4.0,7,840,165.0,20.0,0.0,9.0,3.5,0.0,0.0,0.0,0.0,-0.6656241499312472,Normal
11,1,6,5,2,4,6,B,6.0,6.0,5.0,2,5,0,3.0,5,760,142.0,28.0,0.0,5.833333333333334,3.5,0.0,0.0,0.0,-1.0,0.7296538324173086,Normal
11,1,3,5,3,3,3,B,2.0,3.0,3.0,2,3,1,3.0,10,708,180.0,22.5,-1.0,11.0,5.0,-1.0,0.0,-2.0,0.0,0.4131158177079875,Normal
11,1,4,5,2,2,4,B,1.0,3.0,2.0,2,4,0,3.0,8,508,128.0,8.0,-3.0,3.333333333333334,3.0,-3.0,-1.0,-3.0,1.0,1.6666142649166584,Overweight
11,2,2,0,2,2,2,B,6.0,3.0,1.0,2,2,0,3.0,8,590,129.0,8.0,4.0,6.666666666666666,4.5,4.0,1.0,1.0,1.0,-2.715426395099161,Thinness
11,2,1,0,3,2,2,B,1.0,1.0,0.0,2,2,0,2.0,5,610,200.0,21.0,0.0,9.0,1.5,0.0,-1.0,0.0,0.0,-0.37808564278561624,Normal
11,2,0,0,3,1,0,B,7.0,7.0,5.0,2,1,0,5.0,6,640,95.0,20.0,7.0,14.0,1.75,7.0,7.0,5.0,4.0,0.7122967846001221,Normal
11,2,1,0,3,1,0,B,4.0,3.0,1.0,2,1,0,2.0,10,740,132.0,12.0,3.0,10.333333333333332,1.0,3.0,3.0,1.0,1.0,-0.26452514071809224,Normal
11,2,1,0,5,1,1,B,0.0,1.0,1.0,2,1,0,1.0,9,782,140.0,19.5,-1.0,10.833333333333332,1.25,-1.0,0.0,1.0,0.0,-0.17289570406107693,Normal
11,2,2,1,2,2,2,B,2.0,0.0,3.0,2,2,2,3.0,3,760,147.0,8.0,0.0,2.5,2.25,0.0,-2.0,2.0,1.0,-1.6705305275203797,Below normal
11,2,2,1,2,2,2,B,2.0,2.0,3.0,2,0,1,2.0,8,636,140.0,22.5,0.0,6.0,2.25,0.0,0.0,2.0,0.0,0.04528220899325096,Normal
11,2,1,1,3,2,1,B,2.0,2.0,1.0,2,2,0,2.0,8,678,110.0,11.0,1.0,8.666666666666666,3.5,1.0,1.0,0.0,0.0,-0.21701013324409277,Normal
11,2,1,1,3,1,1,B,2.0,1.0,3.0,2,1,0,1.0,10,636,100.0,14.5,1.0,8.333333333333334,2.0,1.0,0.0,2.0,0.0,0.963209630766341,Normal
11,2,2,1,3,1,1,B,2.0,3.0,2.0,2,1,0,3.0,9,706,145.0,22.5,0.0,12.666666666666668,3.5,0.0,2.0,1.0,2.0,1.3323825099615654,Overweight
11,2,3,2,1,3,3,B,6.0,6.0,5.0,2,2,2,4.0,6,680,120.0,20.0,3.0,9.5,4.75,3.0,3.0,3.0,1.0,-0.16588874208045384,Normal
11,2,3,2,2,3,3,B,3.0,3.0,4.0,2,3,1,3.0,6,740,170.0,25.5,0.0,11.666666666666668,3.5,0.0,0.0,2.0,0.0,0.05469583038776913,Normal
11,2,2,2,1,2,2,B,1.0,1.0,2.0,2,1,2,2.0,6,660,100.0,22.5,-1.0,5.833333333333334,3.5,-1.0,-1.0,0.0,0.0,0.34951977393899647,Normal
11,2,1,2,2,2,2,B,3.0,1.0,3.0,2,1,1,3.0,10,772,150.0,28.0,2.0,10.5,2.5,2.0,-1.0,1.0,1.0,1.2183386008172734,Overweight
11,2,1,2,2,2,1,B,3.0,3.0,2.0,1,3,0,3.0,10,740,135.0,17.5,2.0,10.0,4.0,2.0,2.0,0.0,1.0,-0.37873935070631926,Normal
11,2,1,2,2,2,1,B,0.0,1.0,3.0,1,1,1,2.0,10,674,116.0,12.0,-1.0,1.0,4.75,-1.0,0.0,1.0,0.0,2.5773624338265053,Obesity
11,2,2,2,2,2,2,B,4.0,2.0,3.0,3,1,1,3.0,10,621,138.0,22.0,2.0,7.666666666666666,1.25,2.0,0.0,1.0,1.0,1.1476483860143474,Overweight
11,2,2,2,2,2,7,B,7.0,7.0,3.0,2,1,1,5.0,7,560,130.0,21.0,5.0,5.0,2.0,5.0,0.0,1.0,3.0,-0.19808902827012256,Normal
11,2,1,2,3,2,1,B,2.0,1.0,2.0,2,1,0,2.0,10,640,160.0,20.5,1.0,7.166666666666666,1.75,1.0,0.0,0.0,0.0,0.9971373752660471,Normal
11,2,2,2,3,2,3,B,1.0,0.0,2.0,2,1,0,2.0,4,680,170.0,16.5,-1.0,7.333333333333334,1.5,-1.0,-3.0,0.0,0.0,-1.811338051197015,Below normal
11,2,2,2,3,2,1,B,2.0,2.0,3.0,2,2,1,2.0,7,678,140.0,24.5,0.0,6.166666666666666,2.5,0.0,1.0,1.0,0.0,1.9499606793279873,Overweight
11,2,7,3,2,5,7,B,1.0,2.0,0.0,2,0,2,2.0,1,640,113.0,23.0,-6.0,10.0,5.0,-6.0,-5.0,-3.0,-3.0,0.5417467306166333,Normal
11,2,3,3,2,4,3,B,3.0,3.0,3.0,2,3,4,3.0,1,728,142.0,24.0,0.0,12.333333333333332,4.5,0.0,0.0,0.0,-1.0,0.13846671468436103,Normal
11,2,2,3,1,3,3,B,3.0,3.0,4.0,2,3,1,3.0,7,744,165.0,19.5,1.0,10.666666666666668,3.75,1.0,0.0,1.0,0.0,-0.686397049835494,Normal
11,2,3,3,2,3,3,B,3.0,2.0,3.0,2,3,2,3.0,10,696,125.0,18.5,0.0,7.333333333333333,3.75,0.0,-1.0,0.0,0.0,1.221065947229534,Overweight
11,2,4,3,2,3,1,B,2.0,1.0,1.0,2,1,1,2.0,6,676,140.0,19.0,-2.0,14.0,3.25,-2.0,0.0,-2.0,-1.0,0.8586729143152055,Normal
11,2,4,3,2,3,4,B,3.0,3.0,3.0,3,3,2,2.0,9,636,150.0,28.5,-1.0,7.166666666666666,3.5,-1.0,-1.0,0.0,-1.0,1.1113003795640426,Overweight
11,2,2,3,3,3,4,B,3.0,2.0,2.0,2,4,2,2.0,10,803,160.0,24.0,1.0,10.5,4.75,1.0,-2.0,-1.0,-1.0,0.04312394894680593,Normal
11,2,3,3,3,3,3,B,3.0,4.0,3.0,2,3,0,3.0,2,710,154.0,16.0,0.0,13.333333333333332,4.25,0.0,1.0,0.0,0.0,1.0075559927457913,Overweight
11,2,2,3,4,3,2,B,5.0,5.0,4.0,2,2,2,3.0,9,620,165.0,38.0,3.0,8.666666666666666,4.0,3.0,3.0,1.0,0.0,-0.9395308335396471,Normal
11,2,1,3,2,2,1,B,1.0,1.0,3.0,1,1,0,2.0,5,727,155.0,21.5,0.0,14.666666666666668,2.0,0.0,0.0,0.0,0.0,0.12002033753706798,Normal
11,2,2,3,2,2,2,B,2.0,2.0,3.0,2,2,2,2.0,8,720,140.0,16.0,0.0,9.333333333333332,2.5,0.0,0.0,0.0,0.0,0.557361311018285,Normal
11,2,2,3,2,2,2,B,3.0,3.0,3.0,2,2,0,3.0,1,680,166.0,11.0,1.0,15.5,4.25,1.0,1.0,0.0,1.0,-2.427493258632706,Thinness
11,2,2,3,2,2,3,B,7.0,7.0,1.0,2,2,2,5.0,5,660,122.0,11.5,5.0,0.0,2.75,5.0,4.0,-2.0,3.0,-1.347382030756325,Below normal
11,2,3,3,2,2,2,B,2.0,1.0,1.0,2,1,0,2.0,9,680,130.0,28.5,-1.0,8.0,3.75,-1.0,-1.0,-2.0,0.0,0.4813157313630602,Normal
11,2,5,3,2,2,6,B,1.0,3.0,3.0,2,1,3,2.0,6,820,141.0,19.0,-4.0,5.333333333333334,2.25,-4.0,-3.0,0.0,0.0,-1.7135967551738134,Below normal
11,2,2,3,3,2,2,B,3.0,1.0,3.0,2,2,1,3.0,10,718,121.0,15.0,1.0,8.333333333333334,2.75,1.0,-1.0,0.0,1.0,-0.2648062187559422,Normal
11,2,2,3,3,2,2,B,3.0,2.0,4.0,2,2,0,3.0,7,640,160.0,14.0,1.0,5.833333333333334,3.5,1.0,0.0,1.0,1.0,0.34951977393899647,Normal
11,2,5,3,3,2,5,B,3.0,3.0,3.0,2,4,0,3.0,6,820,150.0,19.0,-2.0,6.833333333333334,3.25,-2.0,-2.0,0.0,1.0,0.9173259702052063,Normal
11,2,3,3,3,1,3,B,4.0,3.0,2.0,2,3,0,2.0,1,648,135.0,16.0,1.0,8.666666666666668,2.75,1.0,0.0,-1.0,1.0,-1.5354602980531036,Below normal
11,2,6,4,1,4,6,B,4.0,6.0,2.0,2,0,1,4.0,7,720,141.0,19.0,-2.0,10.833333333333334,5.0,-2.0,0.0,-2.0,0.0,-0.1566737632025525,Normal
11,2,2,4,1,3,4,B,2.0,2.0,3.0,4,4,4,2.0,8,750,123.0,27.5,0.0,12.666666666666668,3.75,0.0,-2.0,-1.0,-1.0,1.02763657573613,Overweight
11,2,3,4,1,3,3,B,3.0,3.0,1.0,2,4,0,2.0,8,688,146.0,23.5,0.0,11.5,3.25,0.0,0.0,-3.0,-1.0,0.019859580055757976,Normal
11,2,1,4,2,3,2,B,2.0,3.0,4.0,5,2,2,2.0,10,825,154.0,11.0,1.0,10.0,5.0,1.0,1.0,0.0,-1.0,-0.4846099642039374,Normal
11,2,2,4,2,3,2,B,2.0,2.0,4.0,2,2,1,2.0,6,730,145.0,22.0,0.0,10.833333333333332,3.0,0.0,0.0,0.0,-1.0,0.956820650903665,Normal
11,2,3,4,2,3,3,B,3.0,2.0,4.0,4,3,5,2.0,10,755,150.0,14.5,0.0,6.833333333333334,3.5,0.0,-1.0,0.0,-1.0,-1.1594685280430408,Below normal
11,2,1,4,3,3,3,B,4.0,3.0,3.0,2,3,0,3.0,10,612,125.0,18.0,3.0,9.666666666666668,3.75,3.0,0.0,-1.0,0.0,-0.7854726700524354,Normal
11,2,2,4,3,3,3,B,3.0,3.0,4.0,4,3,0,3.0,6,806,155.0,19.0,1.0,13.0,2.5,1.0,0.0,0.0,0.0,0.43041221363644466,Normal
11,2,2,4,3,3,3,B,6.0,5.0,0.0,1,3,0,2.0,10,740,148.0,21.5,4.0,0.0,3.75,4.0,2.0,-4.0,-1.0,-0.8258390916116214,Normal
11,2,3,4,3,3,3,B,7.0,5.0,5.0,2,3,0,4.0,2,741,166.0,24.5,4.0,9.333333333333332,4.5,4.0,2.0,1.0,1.0,-1.4248114432882735,Below normal
11,2,4,4,3,3,4,B,4.0,4.0,4.0,2,3,0,3.0,5,643,147.0,29.5,0.0,3.166666666666666,4.25,0.0,0.0,0.0,0.0,0.5079210388331388,Normal
11,2,3,4,4,3,3,B,4.0,4.0,4.0,2,3,0,3.0,8,744,130.0,14.0,1.0,6.333333333333334,2.25,1.0,1.0,0.0,0.0,0.9014706818915224,Normal
11,2,3,4,3,2,3,B,4.0,3.0,4.0,2,2,0,3.0,9,760,125.0,22.0,1.0,4.666666666666666,3.75,1.0,0.0,0.0,1.0,1.1833374151529683,Overweight
11,2,3,5,1,4,3,B,7.0,7.0,5.0,2,3,4,5.0,1,740,153.0,21.0,4.0,0.0,5.0,4.0,4.0,0.0,1.0,-0.49426592723971374,Normal
11,2,3,5,1,3,4,B,7.0,3.0,5.0,2,3,0,3.0,1,726,150.0,17.5,4.0,10.833333333333332,5.0,4.0,-1.0,0.0,0.0,-1.7264503136348837,Below normal
12,1,1,0,4,1,2,B,1.0,1.0,0.0,2,2,0,1.0,10,723,117.0,20.0,0.0,4.5,1.0,0.0,-1.0,0.0,0.0,0.9688138064143178,Normal
12,1,4,1,2,3,4,B,3.0,4.0,4.0,5,3,0,4.0,8,760,185.0,19.5,-1.0,8.166666666666666,4.0,-1.0,0.0,3.0,1.0,-1.8360137901617015,Below normal
12,1,6,1,3,3,3,B,5.0,4.0,2.0,2,0,3,3.0,10,644,151.076538061177,26.0,-1.0,3.333333333333334,1.25,-1.0,1.0,1.0,0.0,-0.6978406440957263,Normal
12,1,1,1,3,2,1,B,6.0,6.0,4.0,2,1,0,4.0,7,787,160.0,22.5,5.0,8.333333333333334,1.25,5.0,5.0,3.0,2.0,-0.816027079238432,Normal
12,1,1,1,3,2,3,B,4.0,3.0,3.0,2,3,3,3.0,2,698,170.0,39.5,3.0,6.333333333333334,4.0,3.0,0.0,2.0,1.0,1.326349128391008,Overweight
12,1,7,2,1,5,7,B,5.0,5.0,3.0,2,3,0,4.0,10,682,165.0,26.0,-2.0,11.333333333333332,5.0,-2.0,-2.0,1.0,-1.0,0.3920860822730037,Normal
12,1,7,2,1,5,7,B,7.0,7.0,1.0,2,5,0,2.0,6,675,141.0,24.0,0.0,6.5,3.0,0.0,0.0,-1.0,-3.0,2.408764241069591,Obesity
12,1,4,2,2,4,5,B,3.0,4.0,5.0,2,5,1,3.0,1,810,195.0,24.0,-1.0,12.166666666666668,2.25,-1.0,-1.0,3.0,-1.0,-0.9235282051156692,Normal
12,1,7,2,1,3,4,B,4.0,4.0,3.0,2,3,0,3.0,8,800,155.0,28.0,-3.0,9.5,3.75,-3.0,0.0,1.0,0.0,0.09979221521122422,Normal
12,1,3,2,2,3,3,B,4.0,4.0,2.0,3,3,0,3.0,5,710,130.0,21.0,1.0,13.333333333333332,5.0,1.0,1.0,0.0,0.0,1.5065172189802885,Overweight
12,1,3,2,2,3,4,B,2.0,3.0,3.0,2,3,2,2.0,10,678,165.0,19.0,-1.0,5.666666666666666,2.25,-1.0,-1.0,1.0,-1.0,0.36022806976387556,Normal
12,1,4,2,2,3,3,B,6.0,5.0,5.0,2,3,0,4.0,9,920,178.0,29.5,2.0,8.0,3.5,2.0,2.0,3.0,1.0,1.1853802372432465,Overweight
12,1,3,2,3,3,3,B,1.0,1.0,1.0,2,2,0,2.0,10,688,131.0,16.5,-2.0,-4.333333333333334,1.75,-2.0,-2.0,-1.0,-1.0,2.2265806703289903,Obesity
12,1,5,2,3,3,3,B,4.0,6.0,3.0,2,3,0,4.0,7,781,170.0,29.0,-1.0,4.666666666666666,3.75,-1.0,3.0,1.0,1.0,0.7714297051315548,Normal
12,1,1,2,1,2,2,B,2.0,0.0,1.0,1,2,3,2.0,10,818,185.0,20.5,1.0,-4.5,2.75,1.0,-2.0,-1.0,0.0,-0.05730272947443601,Normal
12,1,4,2,2,2,5,B,2.0,1.0,3.0,2,5,1,1.0,6,665,115.0,15.0,-2.0,3.0,3.5,-2.0,-4.0,1.0,-1.0,1.4401234954604647,Overweight
12,1,0,2,3,2,1,B,4.0,4.0,3.0,2,1,1,4.0,9,706,163.0,29.5,4.0,5.666666666666666,4.25,4.0,3.0,1.0,2.0,0.9936431770542667,Normal
12,1,2,2,3,1,2,B,5.0,4.0,4.0,2,2,0,2.0,8,750,170.0,29.5,3.0,10.5,3.0,3.0,2.0,2.0,1.0,1.602245412082005,Overweight
12,1,0,2,4,1,1,B,2.0,1.0,1.0,2,1,1,1.0,1,760,150.0,32.5,2.0,6.333333333333333,1.0,2.0,0.0,-1.0,0.0,2.0485485358083664,Obesity
12,1,0,2,4,1,1,B,1.0,1.0,0.0,2,0,0,1.0,10,558,110.0,19.0,1.0,6.0,1.0,1.0,0.0,-2.0,0.0,0.8348051298220821,Normal
12,1,4,3,1,4,4,B,6.0,5.0,4.0,2,2,2,4.0,6,781,185.0,25.0,2.0,8.5,3.5,2.0,1.0,1.0,0.0,0.09979221521122422,Normal
12,1,6,3,1,4,6,B,2.0,5.0,4.0,2,2,3,4.0,4,636,160.0,14.0,-4.0,0.0,3.0,-4.0,-1.0,1.0,0.0,-0.9188905602151962,Normal
12,1,4,3,2,4,4,B,5.0,5.0,4.0,5,2,0,4.0,7,830,215.0,22.5,1.0,11.0,2.75,1.0,1.0,1.0,0.0,-0.7083911049069291,Normal
12,1,5,3,2,4,7,B,7.0,5.0,2.0,2,5,0,3.0,8,840,210.0,16.0,2.0,11.0,3.25,2.0,-2.0,-1.0,-1.0,-0.9235282051156692,Normal
12,1,7,3,2,4,7,B,6.0,6.0,3.0,2,1,0,4.0,10,696,105.0,25.0,-1.0,13.166666666666668,3.75,-1.0,-1.0,0.0,0.0,0.27557113082199153,Normal
12,1,4,3,1,3,5,B,5.0,4.0,4.0,2,5,0,4.0,5,940,220.0,19.0,1.0,14.0,4.75,1.0,-1.0,1.0,1.0,-1.4313073171029318,Below normal
12,1,7,3,1,3,4,B,3.0,4.0,3.0,2,3,1,3.0,4,750,180.0,35.0,-4.0,6.166666666666666,5.0,-4.0,0.0,0.0,0.0,1.519196815855783,Overweight
12,1,4,3,2,3,5,B,4.0,4.0,5.0,2,4,0,3.0,8,762,200.0,34.5,0.0,2.166666666666666,3.75,0.0,-1.0,2.0,0.0,-0.4772153929533249,Normal
12,1,3,3,3,3,3,B,3.0,3.0,4.0,2,4,1,3.0,5,706,140.0,13.5,0.0,14.666666666666668,5.0,0.0,0.0,1.0,0.0,-1.0621745856929743,Below normal
12,1,3,3,3,3,4,B,5.0,5.0,4.0,2,2,3,3.0,8,660,200.0,32.5,2.0,8.0,3.75,2.0,1.0,1.0,0.0,1.257662107354729,Overweight
12,1,2,3,1,2,3,B,4.0,4.0,3.0,2,3,0,2.0,3,800,170.0,11.0,2.0,10.833333333333332,3.0,2.0,1.0,0.0,0.0,-0.9294557018934253,Normal
12,1,2,3,3,2,3,B,2.0,3.0,3.0,4,3,0,2.0,10,713,112.0,21.5,0.0,12.833333333333332,2.75,0.0,0.0,0.0,0.0,-0.2984403766923381,Normal
12,1,3,3,3,2,2,B,3.0,3.0,3.0,2,3,2,2.0,9,782,175.0,40.5,0.0,6.5,3.75,0.0,1.0,0.0,0.0,-0.8444926343494489,Normal
12,1,3,3,3,2,2,B,1.0,1.0,1.0,2,1,0,2.0,8,778,190.0,28.0,-2.0,5.5,3.25,-2.0,-1.0,-2.0,0.0,-0.10281171625738303,Normal
12,1,3,3,3,2,2,B,5.0,4.0,4.0,2,4,1,2.0,6,699,110.0,23.0,2.0,6.666666666666666,2.75,2.0,2.0,1.0,0.0,0.5130255521230954,Normal
12,1,4,3,3,2,4,B,5.0,5.0,4.0,2,3,0,2.0,4,760,180.0,24.0,1.0,9.166666666666668,2.5,1.0,1.0,1.0,0.0,-0.01624667652424919,Normal
12,1,3,3,3,1,3,B,5.0,6.0,5.0,2,3,0,3.0,6,685,112.0,18.0,2.0,12.0,4.0,2.0,3.0,2.0,2.0,1.02245640646022,Overweight
12,1,1,3,4,1,1,B,3.0,2.0,3.0,2,0,0,2.0,10,684,165.0,27.0,2.0,11.666666666666668,1.75,2.0,1.0,0.0,1.0,1.0915569164276084,Overweight
12,1,7,4,1,5,7,B,7.0,7.0,4.0,2,3,1,5.0,5,866,125.0,22.5,0.0,15.333333333333332,5.0,0.0,0.0,0.0,0.0,-0.47926071429891787,Normal
12,1,7,4,2,5,7,B,6.0,7.0,3.0,2,0,0,4.0,4,880,198.1326398478102,19.0,-1.0,8.0,4.75,-1.0,0.0,-1.0,-1.0,0.4067817933445738,Normal
12,1,7,4,1,4,2,B,3.0,6.0,0.0,2,2,2,4.0,4,723,175.0,30.0,-4.0,5.333333333333334,4.75,-4.0,4.0,-4.0,0.0,2.3004976946121953,Obesity
12,1,6,4,2,4,6,B,6.0,5.0,5.0,5,5,0,4.0,7,811,134.0,18.0,0.0,10.333333333333334,3.75,0.0,-1.0,1.0,0.0,-0.5876705119117995,Normal
12,1,3,4,3,4,3,B,6.0,6.0,5.0,3,4,4,5.0,10,995,179.0,22.5,3.0,0.0,4.0,3.0,3.0,1.0,1.0,0.8040142414212321,Normal
12,1,0,4,5,4,6,B,4.0,5.0,3.0,2,3,0,3.0,8,747,175.0,25.5,4.0,14.666666666666668,5.0,4.0,-1.0,-1.0,-1.0,-1.3717528905136027,Below normal
12,1,3,4,1,3,3,B,4.0,4.0,4.0,2,3,0,3.0,10,640,170.0,20.0,1.0,14.666666666666668,5.0,1.0,1.0,0.0,0.0,-0.2662304303863693,Normal
12,1,3,4,2,3,4,B,4.0,4.0,4.0,2,3,0,3.0,1,770,170.0,23.5,1.0,13.0,4.25,1.0,0.0,0.0,0.0,0.6254169674560853,Normal
12,1,4,4,2,3,4,B,4.0,4.0,4.0,2,3,3,3.0,10,803,180.0,18.5,0.0,13.333333333333332,5.0,0.0,0.0,0.0,0.0,-1.7497706338469399,Below normal
12,1,4,4,2,3,4,B,6.0,6.0,5.0,2,4,1,3.0,8,768,145.0,31.5,2.0,8.166666666666668,4.25,2.0,2.0,1.0,0.0,0.7466603609298329,Normal
12,1,4,4,2,3,4,B,5.0,5.0,5.0,2,3,2,4.0,10,753,165.0,32.0,1.0,11.666666666666668,2.75,1.0,1.0,1.0,1.0,0.3796333302672847,Normal
12,1,4,4,2,3,4,B,3.0,4.0,3.0,4,2,0,2.0,6,740,173.0,30.0,-1.0,1.833333333333334,2.5,-1.0,0.0,-1.0,-1.0,0.728906043648222,Normal
12,1,4,4,2,3,3,B,5.0,4.0,4.0,2,4,1,4.0,3,734,170.0,80.0,1.0,4.833333333333334,2.75,1.0,1.0,0.0,1.0,0.9541892032886671,Normal
12,1,5,4,2,3,4,B,4.0,4.0,4.0,2,2,0,3.0,3,800,180.0,19.0,-1.0,4.166666666666666,4.0,-1.0,0.0,0.0,0.0,1.2374652533640493,Overweight
12,1,5,4,2,3,4,B,4.0,4.0,4.0,2,4,1,3.0,8,785,180.0,27.0,-1.0,5.0,4.0,-1.0,0.0,0.0,0.0,-0.4256203834586528,Normal
12,1,5,4,2,3,4,B,4.0,5.0,4.0,2,2,0,4.0,2,768,190.0,28.5,-1.0,10.0,3.0,-1.0,1.0,0.0,1.0,-0.9235282051156692,Normal
12,1,5,4,2,3,3,B,6.0,6.0,5.0,2,3,0,4.0,5,660,160.0,20.5,1.0,6.666666666666666,4.0,1.0,3.0,1.0,1.0,0.8178527594316187,Normal
12,1,3,4,3,3,3,B,5.0,1.0,4.0,2,1,1,4.0,6,804,165.0,23.5,2.0,9.666666666666666,2.0,2.0,-2.0,0.0,1.0,0.5445099420631545,Normal
12,1,3,4,3,3,3,B,5.0,3.0,4.0,2,3,0,3.0,6,761,158.0,22.0,2.0,10.333333333333332,3.75,2.0,0.0,0.0,0.0,1.8157404322268675,Overweight
12,1,3,4,3,3,3,B,7.0,7.0,5.0,4,3,0,5.0,7,734,153.0,19.0,4.0,9.666666666666666,3.75,4.0,4.0,1.0,2.0,1.0848746418801656,Overweight
12,1,4,4,2,2,4,B,2.0,3.0,3.0,2,2,1,2.0,6,656,136.0,23.0,-2.0,5.333333333333334,3.75,-2.0,-1.0,-1.0,0.0,1.793678082039888,Overweight
12,1,3,4,3,2,3,B,2.0,2.0,3.0,2,2,0,2.0,8,750,154.0,25.0,-1.0,11.666666666666668,3.75,-1.0,-1.0,-1.0,0.0,1.0848746418801656,Overweight
12,1,5,4,5,2,5,B,4.0,4.0,0.0,5,5,0,1.0,10,692,151.0,27.0,-1.0,13.5,1.0,-1.0,-1.0,-4.0,-1.0,1.761007781528047,Overweight
12,1,1,4,2,1,3,B,3.0,3.0,0.0,2,3,0,2.0,5,760,185.0,23.5,2.0,11.333333333333332,3.5,2.0,0.0,-4.0,1.0,0.320073801447617,Normal
12,1,6,5,1,5,6,B,7.0,7.0,4.0,2,5,0,5.0,1,780,148.0,12.5,1.0,9.5,4.5,1.0,1.0,-1.0,0.0,-2.034682183585503,Thinness
12,1,7,5,2,5,7,B,0.0,7.0,5.0,2,3,1,4.0,10,790,147.0,24.5,-7.0,13.333333333333332,5.0,-7.0,0.0,0.0,-1.0,0.2519017424191259,Normal
12,1,1,5,4,5,7,B,4.0,4.0,4.0,2,1,0,3.0,8,786,211.0,33.0,3.0,12.0,3.75,3.0,-3.0,-1.0,-2.0,-0.7282518681978772,Normal
12,1,3,5,2,4,4,B,3.0,4.0,2.0,2,4,5,2.0,10,648,170.0,21.5,0.0,8.833333333333332,3.25,0.0,0.0,-3.0,-2.0,-0.08967585297677798,Normal
12,1,4,5,2,4,4,B,3.0,3.0,4.0,2,3,0,3.0,8,780,150.0,19.0,-1.0,14.0,4.75,-1.0,-1.0,-1.0,-1.0,-0.0072848282131129614,Normal
12,1,6,5,2,4,6,B,6.0,6.0,5.0,5,5,0,4.0,1,855,143.0,30.0,0.0,9.333333333333332,5.0,0.0,0.0,0.0,0.0,-1.3776796640244624,Below normal
12,1,7,5,2,4,7,B,4.0,4.0,5.0,2,2,0,3.0,3,780,136.0,28.0,-3.0,13.0,4.75,-3.0,-3.0,0.0,-1.0,0.3796333302672847,Normal
12,1,5,5,1,3,4,B,4.0,4.0,4.0,2,4,0,3.0,2,730,160.0,27.0,-1.0,11.333333333333334,4.75,-1.0,0.0,-1.0,0.0,0.6890271936267485,Normal
12,1,3,5,2,3,3,B,2.0,2.0,0.0,5,2,0,2.0,7,724,130.0,21.5,-1.0,10.0,3.0,-1.0,-1.0,-5.0,-1.0,1.4992268332508418,Overweight
12,1,3,5,2,3,3,B,7.0,7.0,5.0,2,4,4,4.0,4,690,112.0,18.0,4.0,11.666666666666666,4.0,4.0,4.0,0.0,1.0,1.519196815855783,Overweight
12,1,4,5,2,3,4,B,5.0,4.0,4.0,2,4,0,3.0,10,755,175.0,27.5,1.0,9.333333333333334,4.0,1.0,0.0,-1.0,0.0,0.18794597670088056,Normal
12,1,4,5,2,3,5,B,4.0,4.0,4.0,2,3,0,3.0,10,750,150.0,20.0,0.0,12.5,5.0,0.0,-1.0,-1.0,0.0,-0.7018393251232239,Normal
12,1,2,5,3,3,4,B,3.0,3.0,3.0,2,3,0,3.0,9,710,195.0,35.0,1.0,13.666666666666668,3.5,1.0,-1.0,-2.0,0.0,1.2845335636374056,Overweight
12,1,4,5,3,3,4,B,4.0,5.0,5.0,2,3,3,5.0,10,764,160.0,17.0,0.0,14.5,4.75,0.0,1.0,0.0,2.0,0.9507790265380897,Normal
12,1,5,5,1,2,5,B,7.0,5.0,3.0,2,1,1,1.0,5,761,195.0,33.0,2.0,2.5,3.5,2.0,0.0,-2.0,-1.0,-0.21392499143181504,Normal
12,1,7,5,2,2,5,B,5.0,3.0,4.0,2,1,1,3.0,3,720,190.0,38.0,-2.0,8.666666666666668,2.75,-2.0,-2.0,-1.0,1.0,0.6655773744305181,Normal
12,2,2,0,1,2,1,B,2.0,2.0,1.0,3,1,0,2.0,10,740,175.0,23.0,0.0,9.833333333333332,2.0,0.0,1.0,1.0,0.0,0.16093636344741194,Normal
12,2,1,0,2,2,1,B,1.0,1.0,1.0,2,1,0,2.0,9,759,185.0,20.0,0.0,14.166666666666668,3.0,0.0,0.0,1.0,0.0,-0.06989010696519465,Normal
12,2,3,0,2,2,4,B,1.0,1.0,1.0,4,3,2,2.0,10,740,160.0,20.5,-2.0,5.333333333333334,2.0,-2.0,-3.0,1.0,0.0,0.8765997029383148,Normal
12,2,4,0,2,2,4,B,4.0,5.0,4.0,2,4,0,3.0,1,763,159.0,26.5,0.0,1.166666666666666,3.0,0.0,1.0,4.0,1.0,0.7984759330016167,Normal
12,2,1,0,2,1,1,B,1.0,1.0,0.0,2,1,0,1.0,10,660,135.0,17.0,0.0,8.333333333333332,2.5,0.0,0.0,0.0,0.0,-0.015815960173995246,Normal
12,2,0,0,3,1,0,B,2.0,1.0,2.0,2,0,0,2.0,10,771,135.0,23.5,2.0,4.5,1.0,2.0,1.0,2.0,1.0,1.3516083386771385,Overweight
12,2,0,0,3,1,0,B,1.0,0.0,0.0,2,1,0,1.0,1,652,137.0,23.0,1.0,8.5,1.0,1.0,0.0,0.0,0.0,0.7289817695108964,Normal
12,2,0,0,5,1,0,B,2.0,0.0,1.0,2,1,0,1.0,2,700,90.0,16.5,2.0,12.833333333333332,1.0,2.0,0.0,1.0,0.0,-0.012059256474223581,Normal
12,2,0,0,5,1,0,B,4.0,6.0,4.0,2,0,0,4.0,6,610,135.0,22.5,4.0,10.666666666666666,1.0,4.0,6.0,4.0,3.0,-0.14010954859424973,Normal
12,2,1,1,4,2,1,B,0.0,2.0,2.0,2,1,0,2.0,10,771,160.0,29.0,-1.0,10.166666666666668,2.5,-1.0,1.0,1.0,0.0,-1.1166841876469076,Below normal
12,2,1,1,3,1,1,B,2.0,1.0,1.0,2,1,1,2.0,6,660,149.0,34.5,1.0,6.0,1.5,1.0,0.0,0.0,1.0,1.604335831796823,Overweight
12,2,3,2,1,3,3,B,3.0,3.0,3.0,2,3,1,3.0,10,500,157.0,30.0,0.0,4.5,4.0,0.0,0.0,1.0,0.0,-0.6737442591413432,Normal
12,2,0,2,1,2,0,B,1.0,1.0,2.0,3,1,0,2.0,9,668,155.0,19.0,1.0,5.0,2.25,1.0,1.0,0.0,0.0,-1.2704010661965652,Below normal
12,2,2,2,2,2,4,B,2.0,4.0,1.0,2,1,0,2.0,6,669,115.0,25.0,0.0,9.666666666666668,2.0,0.0,0.0,-1.0,0.0,0.544827154660078,Normal
12,2,3,2,2,2,2,B,4.0,3.0,2.0,2,3,0,3.0,10,780,145.0,62.5,1.0,7.0,4.25,1.0,1.0,0.0,1.0,0.7297434810983465,Normal
12,2,3,2,2,2,4,B,4.0,5.0,2.0,2,0,0,3.0,3,660,131.0,25.0,1.0,2.333333333333334,3.0,1.0,1.0,0.0,1.0,0.5817406575026621,Normal
12,2,1,2,3,2,2,B,3.0,4.0,3.0,2,1,0,3.0,2,706,123.0,13.5,2.0,2.166666666666666,2.25,2.0,2.0,1.0,1.0,-0.26620080460292905,Normal
12,2,1,2,3,2,1,B,2.0,2.0,2.0,2,3,2,2.0,6,660,156.0,23.5,1.0,3.666666666666666,1.75,1.0,1.0,0.0,0.0,1.0154653232948814,Overweight
12,2,4,2,5,1,4,B,1.0,1.0,1.0,1,4,4,2.0,10,582,107.0,16.0,-3.0,0.5,1.0,-3.0,-3.0,-1.0,1.0,0.4696863053024498,Normal
12,2,3,3,1,5,3,B,4.0,3.0,3.0,2,5,3,3.0,6,684,150.0,19.0,1.0,4.333333333333334,3.0,1.0,0.0,0.0,-2.0,1.040482652726094,Overweight
12,2,6,3,1,4,6,B,6.0,6.0,5.0,2,5,0,4.0,9,804,156.0,13.0,0.0,2.666666666666666,5.0,0.0,0.0,2.0,0.0,0.32475323142877544,Normal
12,2,3,3,1,3,3,B,3.0,3.0,3.0,2,3,0,3.0,8,688,135.0,55.0,0.0,10.833333333333332,4.5,0.0,0.0,0.0,0.0,-1.5822889799807909,Below normal
12,2,4,3,1,3,5,B,3.0,3.0,4.0,2,3,0,3.0,4,680,165.0,17.0,-1.0,6.666666666666666,3.75,-1.0,-2.0,1.0,0.0,-0.08728312239529974,Normal
12,2,5,3,1,3,5,B,7.0,6.0,3.0,3,2,2,3.0,8,665,133.0,27.0,2.0,7.333333333333334,4.0,2.0,1.0,0.0,0.0,0.2419132753173268,Normal
12,2,2,3,2,3,3,B,4.0,3.0,4.0,5,3,2,3.0,10,568,138.0,23.0,2.0,13.166666666666668,3.25,2.0,0.0,1.0,0.0,0.21430672409227214,Normal
12,2,3,3,2,3,3,B,4.0,4.0,4.0,2,3,1,3.0,4,813,150.0,22.5,1.0,13.0,4.0,1.0,1.0,1.0,0.0,-0.9910133173624713,Normal
12,2,3,3,2,3,4,B,4.0,4.0,3.0,3,4,1,3.0,7,738,172.0,21.0,1.0,8.666666666666666,3.75,1.0,0.0,0.0,0.0,-0.6560539672203957,Normal
12,2,3,3,2,3,3,B,1.0,2.0,3.0,3,3,3,3.0,2,730,150.0,28.0,-2.0,9.333333333333332,3.5,-2.0,-1.0,0.0,0.0,0.40646891258305035,Normal
12,2,4,3,2,3,4,B,6.0,5.0,4.0,2,3,0,3.0,5,760,180.0,28.0,2.0,4.0,4.0,2.0,1.0,1.0,0.0,-0.8689251326707043,Normal
12,2,4,3,2,3,4,B,4.0,4.0,5.0,5,3,0,4.0,10,760,158.0,25.0,0.0,11.5,4.25,0.0,0.0,2.0,1.0,-0.939104826483242,Normal
12,2,4,3,2,3,4,B,4.0,4.0,4.0,2,4,0,4.0,7,760,160.0,22.0,0.0,9.166666666666666,3.0,0.0,0.0,1.0,1.0,-0.8833673867822837,Normal
12,2,3,3,3,3,3,B,3.0,3.0,4.0,2,2,1,3.0,6,808,175.0,28.0,0.0,10.833333333333332,3.25,0.0,0.0,1.0,0.0,0.12536303873359553,Normal
12,2,0,3,1,2,1,B,7.0,7.0,3.0,2,0,0,5.0,10,650,145.0,23.0,7.0,-0.6666666666666661,2.5,7.0,6.0,0.0,3.0,-0.05429455510409202,Normal
12,2,1,3,2,2,3,B,3.0,2.0,3.0,2,0,0,2.0,10,676,120.0,18.0,2.0,5.666666666666666,1.75,2.0,-1.0,0.0,0.0,0.439447212504115,Normal
12,2,2,3,2,2,2,B,3.0,3.0,3.0,2,1,0,3.0,9,760,151.0,18.5,1.0,2.5,4.0,1.0,1.0,0.0,1.0,0.6947437997924273,Normal
12,2,2,3,2,2,3,B,3.0,4.0,3.0,2,0,0,2.0,9,632,147.0,40.0,1.0,6.5,2.5,1.0,1.0,0.0,0.0,1.943155372075065,Overweight
12,2,3,3,2,2,3,B,2.0,2.0,4.0,4,2,2,2.0,3,829,156.0,26.0,-1.0,2.833333333333334,3.5,-1.0,-1.0,1.0,0.0,-0.8050245702556852,Normal
12,2,3,3,2,2,3,B,2.0,2.0,3.0,2,1,1,2.0,4,730,153.0,23.0,-1.0,7.333333333333333,2.25,-1.0,-1.0,0.0,0.0,0.9102400906019253,Normal
12,2,4,3,2,2,2,B,2.0,2.0,2.0,2,0,0,2.0,9,649,145.0,16.0,-2.0,13.5,3.0,-2.0,0.0,-1.0,0.0,1.3928223575178633,Overweight
12,2,1,3,3,2,1,B,3.0,3.0,3.0,2,1,1,2.0,5,841,155.0,33.5,2.0,7.666666666666667,2.25,2.0,2.0,0.0,0.0,0.9421368966305208,Normal
12,2,2,3,3,2,3,B,2.0,3.0,3.0,2,1,3,2.0,7,725,100.0,23.5,0.0,9.333333333333332,2.75,0.0,0.0,0.0,0.0,1.2231895497040783,Overweight
12,2,2,3,3,2,2,B,1.0,2.0,3.0,2,3,0,2.0,9,710,125.0,18.5,-1.0,3.166666666666666,3.0,-1.0,0.0,0.0,0.0,1.3277769414047904,Overweight
12,2,2,3,3,2,2,B,2.0,1.0,2.0,2,2,0,2.0,4,660,160.0,19.0,0.0,13.5,1.0,0.0,-1.0,-1.0,0.0,-1.8892859696552897,Below normal
12,2,3,3,3,2,3,B,3.0,3.0,3.0,2,2,0,2.0,8,759,137.0,24.5,0.0,3.5,3.25,0.0,0.0,0.0,0.0,-0.33862397951096257,Normal
12,2,2,3,2,1,0,B,0.0,0.0,0.0,0,0,2,1.0,4,680,155.0,20.0,-2.0,6.833333333333334,1.0,-2.0,0.0,-3.0,0.0,0.2155960140341899,Normal
12,2,5,3,2,1,5,B,2.0,1.0,3.0,2,0,0,2.0,3,699,170.0,28.5,-3.0,8.333333333333334,3.0,-3.0,-4.0,0.0,1.0,1.1344427293208768,Overweight
12,2,2,3,4,1,2,B,1.0,2.0,3.0,3,0,0,1.0,7,594,156.0,29.0,-1.0,3.5,2.75,-1.0,0.0,0.0,0.0,1.747869324711234,Overweight
12,2,3,3,4,1,5,B,1.0,0.0,1.0,1,0,1,1.0,4,670,130.0,18.0,-2.0,4.333333333333334,1.75,-2.0,-5.0,-2.0,0.0,-1.9499041445302698,Below normal
12,2,4,4,1,4,3,B,3.0,1.0,3.0,2,3,0,2.0,2,684,157.0,20.0,-1.0,7.666666666666667,4.25,-1.0,-2.0,-1.0,-2.0,-0.33862397951096257,Normal
12,2,5,4,1,4,5,B,6.0,5.0,5.0,2,5,0,5.0,9,688,145.0,37.5,1.0,14.0,4.5,1.0,0.0,1.0,1.0,-0.5447394231174045,Normal
12,2,6,4,1,4,4,B,3.0,7.0,5.0,5,3,0,5.0,1,675,154.0,13.0,-3.0,10.666666666666666,5.0,-3.0,3.0,1.0,1.0,-0.7744434494199879,Normal
12,2,4,4,2,4,4,B,3.0,3.0,3.0,5,4,5,3.0,8,716,142.0,17.0,-1.0,7.5,4.25,-1.0,-1.0,-1.0,-1.0,-1.4839624038412988,Below normal
12,2,2,4,2,3,4,B,4.0,3.0,4.0,2,0,0,3.0,8,684,148.0,22.5,2.0,9.5,4.0,2.0,-1.0,0.0,0.0,0.9421368966305208,Normal
12,2,2,4,2,3,3,B,5.0,3.0,4.0,5,3,0,3.0,10,684,150.0,15.0,3.0,8.333333333333332,4.25,3.0,0.0,0.0,0.0,-0.3810410187950028,Normal
12,2,3,4,2,3,4,B,4.0,3.0,3.0,5,2,0,3.0,6,748,166.0,15.0,1.0,10.0,3.75,1.0,-1.0,-1.0,0.0,-2.053601029954202,Thinness
12,2,3,4,2,3,3,B,3.0,3.0,5.0,2,2,0,3.0,8,742,151.0,28.5,0.0,6.333333333333334,4.75,0.0,0.0,1.0,0.0,-0.5531678121439614,Normal
12,2,4,4,2,3,3,B,6.0,6.0,4.0,4,2,0,4.0,4,803,137.0,21.0,2.0,10.166666666666668,4.25,2.0,3.0,0.0,1.0,-0.44989667420802887,Normal
12,2,4,4,2,3,4,B,4.0,4.0,4.0,5,3,0,3.0,5,769,153.0,27.0,0.0,11.333333333333332,4.75,0.0,0.0,0.0,0.0,0.5194796410290395,Normal
12,2,4,4,2,3,4,B,4.0,4.0,4.0,5,4,0,3.0,10,764,152.0,25.5,0.0,14.0,4.5,0.0,0.0,0.0,0.0,0.4694651410613825,Normal
12,2,5,4,2,3,4,B,7.0,7.0,5.0,4,1,0,4.0,6,655,155.0,25.0,2.0,11.333333333333334,4.25,2.0,3.0,1.0,1.0,0.18819723864465815,Normal
12,2,3,4,5,3,2,B,2.0,2.0,2.0,2,1,1,2.0,10,722,175.0,23.5,-1.0,13.166666666666668,2.75,-1.0,0.0,-2.0,-1.0,-0.17265894022908715,Normal
12,2,3,4,1,2,5,B,5.0,5.0,4.0,2,2,0,3.0,5,700,120.0,37.5,2.0,13.0,3.0,2.0,0.0,0.0,1.0,-0.41557036843600886,Normal
12,2,1,4,2,2,2,B,1.0,1.0,0.0,2,2,0,5.0,10,572,100.0,15.5,0.0,5.0,2.5,0.0,-1.0,-4.0,3.0,1.6304659543074291,Overweight
12,2,3,4,2,2,3,B,3.0,3.0,3.0,2,2,0,3.0,8,694,158.0,16.0,0.0,11.166666666666668,3.75,0.0,0.0,-1.0,1.0,-0.36651260294851984,Normal
12,2,4,4,2,2,3,B,3.0,3.0,4.0,2,3,0,3.0,7,709,190.0,26.0,-1.0,6.333333333333334,2.75,-1.0,0.0,0.0,1.0,0.5817406575026621,Normal
12,2,3,4,3,2,3,B,4.0,4.0,4.0,5,3,2,3.0,3,698,134.0,15.0,1.0,10.166666666666668,3.25,1.0,1.0,0.0,1.0,-0.11584273317289433,Normal
12,2,4,4,3,2,4,B,2.0,2.0,3.0,4,4,0,3.0,10,722,195.0,15.0,-2.0,10.5,4.25,-2.0,-2.0,-1.0,1.0,-1.7189617445682719,Below normal
12,2,7,5,1,5,7,B,7.0,7.0,5.0,5,3,3,1.0,9,710,150.0,17.0,0.0,9.166666666666666,5.0,0.0,0.0,0.0,-4.0,-1.6289939145712233,Below normal
12,2,4,5,1,4,2,B,7.0,7.0,2.0,2,3,0,5.0,4,840,160.0,20.0,3.0,11.0,4.5,3.0,5.0,-3.0,1.0,-0.3156619348433503,Normal
12,2,5,5,1,4,5,B,5.0,6.0,5.0,5,5,0,5.0,5,672,162.0,25.0,0.0,13.333333333333332,5.0,0.0,1.0,0.0,1.0,0.15438020711212166,Normal
12,2,3,5,2,3,3,B,3.0,3.0,5.0,2,3,0,3.0,10,900,185.0,15.0,0.0,14.333333333333332,5.0,0.0,0.0,0.0,0.0,-1.4209970417878293,Below normal
12,2,6,5,1,2,7,B,7.0,7.0,5.0,2,5,0,5.0,7,684,152.0,23.5,1.0,4.666666666666666,4.5,1.0,0.0,0.0,3.0,1.068220331801675,Overweight
13,1,3,0,2,3,3,B,3.0,3.0,4.0,2,3,0,3.0,8,850,186.0,17.0,0.0,13.333333333333332,2.75,0.0,0.0,4.0,0.0,-1.7787279063918793,Below normal
13,1,3,0,2,3,3,B,5.0,5.0,4.0,2,3,0,2.0,8,810,208.0,15.0,2.0,13.5,2.5,2.0,2.0,4.0,-1.0,-1.7435731267848018,Below normal
13,1,4,0,2,3,4,B,7.0,7.0,5.0,4,4,0,5.0,9,850,212.0,16.0,3.0,5.333333333333334,4.25,3.0,3.0,5.0,2.0,0.3239124537849309,Normal
13,1,1,0,1,1,0,B,2.0,0.0,0.0,2,0,0,4.0,5,594,145.0,18.0,1.0,3.833333333333334,1.5,1.0,0.0,0.0,3.0,1.376055454879864,Overweight
13,1,2,0,3,1,3,B,4.0,4.0,4.0,2,3,0,3.0,8,738,200.0,77.5,2.0,10.0,1.0,2.0,1.0,4.0,2.0,1.376055454879864,Overweight
13,1,3,1,3,3,3,B,3.0,2.0,0.0,2,0,0,2.0,7,730,165.0,21.5,0.0,9.833333333333332,3.75,0.0,-1.0,-1.0,-1.0,-0.2611034649897598,Normal
13,1,3,1,2,2,3,B,3.0,3.0,0.0,2,3,0,3.0,8,849,153.0,27.0,0.0,9.5,3.5,0.0,0.0,-1.0,1.0,1.3942533645085482,Overweight
13,1,2,1,3,1,2,B,3.0,3.0,0.0,2,2,0,2.0,3,700,189.0,34.0,1.0,13.166666666666668,2.0,1.0,1.0,-1.0,1.0,0.781697694261656,Normal
13,1,0,1,4,1,1,B,1.0,3.0,1.0,2,1,0,1.0,3,670,121.0,35.5,1.0,-3.333333333333334,1.0,1.0,2.0,0.0,0.0,1.4200481253782533,Overweight
13,1,2,2,2,2,4,B,3.0,3.0,3.0,2,1,2,3.0,10,730,168.0,32.5,1.0,11.666666666666666,2.5,1.0,-1.0,1.0,1.0,1.7558322996494815,Overweight
13,1,2,2,2,2,2,B,4.0,0.0,0.0,2,0,0,5.0,3,730,155.0,40.5,2.0,5.333333333333334,1.0,2.0,-2.0,-2.0,3.0,-0.02949910686862755,Normal
13,1,1,2,5,1,1,B,0.0,1.0,2.0,2,1,0,3.0,1,662,142.0,12.0,-1.0,7.166666666666666,1.5,-1.0,0.0,0.0,2.0,-1.5347781403021719,Below normal
13,1,5,3,2,4,5,B,4.0,5.0,5.0,2,4,0,4.0,2,742,200.0,20.0,-1.0,8.666666666666666,5.0,-1.0,0.0,2.0,0.0,0.5813886379353029,Normal
13,1,4,3,3,4,5,B,4.0,4.0,3.0,2,2,0,3.0,7,845,192.0,40.5,0.0,10.0,2.0,0.0,-1.0,0.0,-1.0,1.2964358723499312,Overweight
13,1,6,3,1,3,6,B,7.0,7.0,3.0,2,3,0,4.0,8,705,185.0,20.5,1.0,-1.5,4.0,1.0,1.0,0.0,1.0,-0.8921038682917649,Normal
13,1,3,3,2,3,3,B,4.0,3.0,4.0,2,3,3,3.0,7,780,128.0,9.0,1.0,6.833333333333334,3.5,1.0,0.0,1.0,0.0,0.8318127142577635,Normal
13,1,3,3,2,3,3,B,2.0,2.0,2.0,3,3,0,2.0,9,760,147.0,10.0,-1.0,-0.16666666666666607,3.75,-1.0,-1.0,-1.0,-1.0,0.4319470790449728,Normal
13,1,5,3,2,3,3,B,4.0,4.0,4.0,2,3,0,4.0,9,630,175.0,29.0,-1.0,15.5,3.25,-1.0,1.0,1.0,1.0,1.250568756893706,Overweight
13,1,3,3,3,3,3,B,3.0,3.0,3.0,2,3,0,3.0,9,888,179.0,17.0,0.0,11.666666666666668,4.0,0.0,0.0,0.0,0.0,-0.8477794873694823,Normal
13,1,3,3,3,3,3,B,3.0,4.0,4.0,2,4,0,3.0,7,847,165.0,52.5,0.0,1.333333333333334,3.0,0.0,1.0,1.0,0.0,-0.7396257733270903,Normal
13,1,2,3,2,2,3,B,2.0,3.0,2.0,2,1,0,2.0,4,664,134.0,16.0,0.0,4.833333333333334,3.25,0.0,0.0,-1.0,0.0,1.2129461819716059,Overweight
13,1,3,3,2,2,2,B,2.0,3.0,3.0,2,3,0,3.0,8,602,136.0,14.0,-1.0,5.833333333333333,4.25,-1.0,1.0,0.0,1.0,1.2266237994731477,Overweight
13,1,2,3,3,2,2,B,3.0,3.0,3.0,2,2,0,2.0,5,742,177.0,16.0,1.0,8.166666666666668,1.5,1.0,1.0,0.0,0.0,-0.3590414237496129,Normal
13,1,7,4,1,5,7,B,5.0,3.0,4.0,5,3,0,3.0,7,864,217.0,36.0,-2.0,11.333333333333332,5.0,-2.0,-4.0,0.0,-2.0,0.46108569170319547,Normal
13,1,4,4,2,4,5,B,4.0,4.0,3.0,2,2,0,3.0,5,782,206.0,35.0,0.0,5.5,3.75,0.0,-1.0,-1.0,-1.0,-0.41457677311364866,Normal
13,1,6,4,2,4,6,B,6.0,5.0,4.0,4,0,1,4.0,7,870,146.0,28.0,0.0,5.833333333333334,4.0,0.0,-1.0,0.0,0.0,-0.08367244434769026,Normal
13,1,4,4,3,4,6,B,4.0,5.0,4.0,2,5,0,4.0,1,932,197.0,40.5,0.0,6.166666666666666,4.0,0.0,-1.0,0.0,0.0,0.7979132534870342,Normal
13,1,3,4,2,3,4,B,3.0,3.0,5.0,2,3,0,2.0,3,907,216.0,28.0,0.0,6.833333333333334,3.5,0.0,-1.0,1.0,-1.0,-0.5086592863093601,Normal
13,1,3,4,2,3,3,B,4.0,3.0,3.0,2,2,0,3.0,8,726,141.0,28.0,1.0,12.833333333333332,3.0,1.0,0.0,-1.0,0.0,0.7578722327026505,Normal
13,1,3,4,2,3,3,B,3.0,3.0,0.0,1,2,0,3.0,1,620,170.0,31.5,0.0,13.0,3.75,0.0,0.0,-4.0,0.0,1.3158615337101083,Overweight
13,1,2,4,3,3,5,B,4.0,4.0,2.0,4,1,0,2.0,8,800,206.0,41.5,2.0,-0.3333333333333339,2.25,2.0,-1.0,-2.0,-1.0,1.52345079625297,Overweight
13,1,3,4,3,3,4,B,7.0,7.0,5.0,5,0,4,3.0,10,615,150.0,24.0,4.0,0.0,5.0,4.0,3.0,1.0,0.0,0.8318127142577635,Normal
13,1,4,4,3,3,4,B,4.0,4.0,4.0,2,4,0,3.0,3,740,146.0,30.5,0.0,3.0,4.0,0.0,0.0,0.0,0.0,0.16046798729495618,Normal
13,1,4,4,3,3,4,B,4.0,5.0,5.0,2,5,0,3.0,6,738,166.0,25.5,0.0,8.5,4.25,0.0,1.0,1.0,0.0,1.2006478416037212,Overweight
13,1,7,4,4,3,7,B,4.0,5.0,3.0,2,3,5,4.0,10,710,174.0,31.0,-3.0,-2.166666666666666,3.25,-3.0,-2.0,-1.0,1.0,0.6914243908612943,Normal
13,1,4,5,1,4,5,B,6.0,6.0,5.0,5,3,0,4.0,5,900,192.0,21.0,2.0,7.5,3.75,2.0,1.0,0.0,0.0,-0.9577162881486062,Normal
13,1,5,5,2,4,4,B,3.0,3.0,3.0,5,4,4,3.0,4,850,225.0,27.0,-2.0,11.166666666666666,4.0,-2.0,-1.0,-2.0,-1.0,0.46780154442965255,Normal
13,1,5,5,2,4,4,B,5.0,5.0,5.0,2,4,0,4.0,5,782,195.0,26.0,0.0,12.0,5.0,0.0,1.0,0.0,0.0,-0.34210961023242675,Normal
13,1,6,5,2,4,5,B,6.0,6.0,5.0,2,4,0,5.0,2,847,235.0,32.0,0.0,12.5,3.25,0.0,1.0,0.0,1.0,-0.09713600337318738,Normal
13,1,5,5,1,3,4,B,5.0,7.0,5.0,2,4,0,5.0,2,840,158.0,80.0,0.0,11.666666666666668,4.75,0.0,3.0,0.0,2.0,0.9519050408314762,Normal
13,1,4,5,3,3,4,B,4.0,3.0,3.0,2,4,0,2.0,8,680,135.0,55.0,0.0,10.333333333333332,4.75,0.0,-1.0,-2.0,-1.0,0.7998419452420907,Normal
13,2,1,0,3,1,1,B,2.0,3.0,2.0,2,0,1,3.0,4,648,158.0,11.0,1.0,7.5,3.0,1.0,2.0,2.0,2.0,0.40936769897364655,Normal
13,2,0,0,5,1,1,B,1.0,0.0,0.0,2,0,0,1.0,1,580,118.0,26.5,1.0,7.5,1.0,1.0,-1.0,0.0,0.0,1.5865312963857134,Overweight
13,2,0,0,5,1,0,B,0.0,0.0,0.0,2,1,0,1.0,1,550,160.0,25.0,0.0,-3.0,1.0,0.0,0.0,0.0,0.0,0.2068046263645732,Normal
13,2,4,1,2,3,3,B,4.0,4.0,4.0,2,3,0,3.0,3,680,160.0,57.5,0.0,7.666666666666666,3.0,0.0,1.0,3.0,0.0,0.49457229745018955,Normal
13,2,1,1,2,2,1,B,2.0,1.0,2.0,2,0,0,2.0,7,727,137.0,32.0,1.0,10.0,1.75,1.0,0.0,1.0,0.0,0.3259148679129479,Normal
13,2,1,1,3,2,1,B,2.0,2.0,3.0,1,1,0,2.0,6,606,159.0,25.0,1.0,4.0,3.0,1.0,1.0,2.0,0.0,-0.27044076149960417,Normal
13,2,2,1,3,2,1,B,0.0,0.0,0.0,2,0,0,1.0,10,643,120.0,28.0,-2.0,8.833333333333334,2.25,-2.0,-1.0,-1.0,-1.0,0.9111708077497933,Normal
13,2,3,1,3,2,3,B,4.0,4.0,3.0,2,1,1,3.0,10,795,180.0,27.0,1.0,5.166666666666666,3.0,1.0,1.0,2.0,1.0,-0.4478419837469057,Normal
13,2,1,1,2,1,2,B,3.0,3.0,3.0,2,0,0,2.0,8,712,128.0,30.5,2.0,8.5,3.0,2.0,1.0,2.0,1.0,2.1048675584777916,Obesity
13,2,3,1,5,1,1,B,1.0,1.0,0.0,3,4,1,1.0,10,664,157.0,23.0,-2.0,-10.166666666666666,2.25,-2.0,0.0,-1.0,0.0,0.5125823017478232,Normal
13,2,2,2,2,2,2,B,4.0,4.0,3.0,2,2,2,3.0,8,660,155.0,31.5,2.0,4.666666666666666,3.0,2.0,2.0,1.0,1.0,1.4625631302739255,Overweight
13,2,1,2,4,2,1,B,1.0,1.0,1.0,3,2,1,1.0,10,660,144.0,20.0,0.0,4.166666666666666,3.0,0.0,0.0,-1.0,-1.0,-0.3199879130097082,Normal
13,2,2,2,2,1,2,B,5.0,5.0,5.0,2,0,0,4.0,10,776,131.0,25.0,3.0,0.16666666666666607,3.5,3.0,3.0,3.0,3.0,1.4112408632875564,Overweight
13,2,3,2,3,1,2,B,1.0,1.0,1.0,2,1,2,1.0,10,650,148.0,18.0,-2.0,9.666666666666666,3.25,-2.0,-1.0,-1.0,0.0,0.49457229745018955,Normal
13,2,4,3,1,4,4,B,2.0,2.0,2.0,5,3,0,3.0,9,800,175.0,62.5,-2.0,14.0,4.0,-2.0,-2.0,-1.0,-1.0,-0.8651228081873462,Normal
13,2,5,3,1,4,6,B,3.0,3.0,3.0,5,2,0,4.0,9,580,148.0,38.5,-2.0,14.0,2.25,-2.0,-3.0,0.0,0.0,0.6882918399626089,Normal
13,2,4,3,1,3,4,B,3.0,4.0,3.0,5,5,0,2.0,8,720,152.0,47.5,-1.0,11.166666666666668,4.0,-1.0,0.0,0.0,-1.0,-0.49122613551387717,Normal
13,2,4,3,3,3,3,B,4.0,2.0,1.0,2,2,0,2.0,8,646,112.0,22.0,0.0,9.166666666666666,2.5,0.0,-1.0,-2.0,-1.0,-0.5317459846275056,Normal
13,2,2,3,1,2,1,B,2.0,2.0,3.0,3,1,1,3.0,5,940,160.0,16.0,0.0,10.0,3.25,0.0,1.0,0.0,1.0,0.4081146809690079,Normal
13,2,3,3,1,2,4,B,2.0,2.0,2.0,2,2,0,3.0,7,740,189.0,19.0,-1.0,0.0,3.75,-1.0,-2.0,-1.0,1.0,-0.05871535720235088,Normal
13,2,2,3,2,2,2,B,1.0,1.0,1.0,2,1,0,1.0,8,650,157.0,11.0,-1.0,9.666666666666668,3.75,-1.0,-1.0,-2.0,-1.0,-0.6726515118648662,Normal
13,2,1,3,4,2,1,B,3.0,2.0,3.0,4,3,0,3.0,10,722,170.0,27.5,2.0,8.0,4.25,2.0,1.0,0.0,1.0,0.1580925424740528,Normal
13,2,0,3,5,2,5,B,0.0,0.0,0.0,2,0,0,1.0,1,590,159.0,24.0,0.0,-4.166666666666666,3.75,0.0,-5.0,-3.0,-1.0,1.421058439392515,Overweight
13,2,3,4,2,3,3,B,3.0,3.0,4.0,2,3,0,3.0,6,820,155.0,25.0,0.0,11.5,4.25,0.0,0.0,0.0,0.0,0.041455749963133025,Normal
13,2,3,4,2,3,3,B,1.0,1.0,2.0,2,3,1,1.0,10,715,166.0,32.0,-2.0,10.5,4.5,-2.0,-2.0,-2.0,-2.0,-0.036484269310058694,Normal
13,2,3,4,2,3,3,B,4.0,4.0,4.0,2,3,0,3.0,1,680,157.0,50.0,1.0,-1.0,5.0,1.0,1.0,0.0,0.0,-0.3748978612551852,Normal
13,2,4,4,2,3,3,B,1.0,3.0,4.0,4,3,0,3.0,10,800,172.0,72.5,-3.0,-0.16666666666666607,3.0,-3.0,0.0,0.0,0.0,0.1580925424740528,Normal
13,2,4,4,2,3,4,B,5.0,5.0,4.0,2,0,0,4.0,7,760,157.0,34.0,1.0,6.666666666666667,4.0,1.0,1.0,0.0,1.0,-0.6657175932169013,Normal
13,2,2,4,3,3,3,B,2.0,2.0,3.0,4,2,0,2.0,6,720,150.0,42.5,0.0,8.0,3.0,0.0,-1.0,-1.0,-1.0,0.31795359328147826,Normal
13,2,1,4,3,2,2,B,3.0,3.0,5.0,2,0,0,3.0,2,750,167.0,29.5,2.0,12.0,2.5,2.0,1.0,1.0,1.0,0.25924235650695815,Normal
13,2,6,5,1,5,6,B,7.0,7.0,5.0,5,5,0,5.0,6,720,162.0,23.0,1.0,6.833333333333334,5.0,1.0,1.0,0.0,0.0,1.3665454976900013,Overweight
13,2,6,5,1,4,6,B,4.0,5.0,3.0,2,5,0,4.0,5,696,136.0,17.0,-2.0,7.666666666666666,5.0,-2.0,-1.0,-2.0,0.0,-0.24933200484007367,Normal
13,2,6,5,1,4,6,B,7.0,6.0,5.0,2,5,1,4.0,9,625,150.0,22.0,1.0,9.666666666666666,5.0,1.0,0.0,0.0,0.0,-1.0416383813839207,Below normal
14,1,0,0,5,1,0,B,0.0,1.0,1.0,2,0,0,2.0,10,600,160.0,28.0,0.0,8.5,1.5,0.0,1.0,1.0,1.0,1.2745820760862636,Overweight
14,1,4,3,3,5,4,B,4.0,4.0,0.0,2,4,0,3.0,7,720,210.0,47.0,0.0,8.5,3.5,0.0,0.0,-3.0,-2.0,-0.03342723199460631,Normal
14,1,6,3,3,4,5,B,5.0,6.0,4.0,2,0,0,4.0,10,620,160.0,27.0,-1.0,11.666666666666666,5.0,-1.0,1.0,1.0,0.0,1.1827790716372184,Overweight
14,2,0,0,4,2,0,B,1.0,1.0,0.0,2,0,0,1.0,10,640,157.0,26.0,1.0,-4.333333333333334,2.0,1.0,1.0,0.0,-1.0,0.23868383891170142,Normal
14,2,0,0,3,1,0,B,0.0,0.0,0.0,2,0,0,1.0,7,580,108.0,21.0,0.0,2.5,1.5,0.0,0.0,0.0,0.0,0.23868383891170142,Normal
14,2,2,3,2,3,2,B,3.0,2.0,4.0,2,2,1,2.0,4,640,160.0,29.0,1.0,5.0,4.25,1.0,0.0,1.0,-1.0,-2.0806872839565047,Thinness
14,2,5,5,2,5,7,B,3.0,5.0,3.0,5,5,1,4.0,1,670,96.0,23.0,-2.0,5.666666666666666,3.5,-2.0,-2.0,-2.0,-1.0,0.5340184778366701,Normal
15,1,0,0,2,2,2,B,2.0,1.0,3.0,2,0,0,2.0,8,620,195.0,42.0,2.0,5.666666666666666,1.0,2.0,-1.0,3.0,0.0,-0.37877639756232717,Normal
15,1,0,1,2,2,0,B,1.0,1.0,1.0,3,0,0,2.0,10,800,180.0,41.0,1.0,0.8333333333333339,5.0,1.0,1.0,0.0,0.0,-1.0667778670968946,Below normal
15,1,0,2,3,2,0,B,1.0,1.0,2.0,2,0,0,3.0,10,700,204.0,32.0,1.0,12.166666666666668,1.0,1.0,1.0,0.0,1.0,0.26283482142857223,Normal
15,1,6,3,2,4,6,B,6.0,6.0,4.0,2,0,0,4.0,5,582,193.0,45.0,0.0,7.333333333333334,5.0,0.0,0.0,1.0,0.0,0.8914676339285709,Normal
15,1,2,3,2,1,4,B,1.0,3.0,3.0,2,0,0,2.0,10,552,150.0,44.5,-1.0,5.0,1.25,-1.0,-1.0,0.0,1.0,2.0011499858684276,Obesity
15,1,5,4,1,4,5,B,5.0,4.0,5.0,3,0,0,5.0,10,645,140.0,50.0,0.0,10.166666666666668,3.75,0.0,-1.0,1.0,1.0,2.083847427842565,Obesity
15,1,6,5,2,5,6,B,6.0,6.0,4.0,3,5,0,4.0,10,572,209.0,40.0,0.0,11.333333333333332,4.25,0.0,0.0,-1.0,-1.0,0.36677839681603414,Normal
15,1,6,5,3,5,6,B,5.0,6.0,5.0,5,2,0,4.0,3,740,252.0,33.0,-1.0,10.833333333333332,4.0,-1.0,0.0,0.0,-1.0,-1.6812948660714293,Below normal
15,2,0,0,4,2,1,B,1.0,1.0,3.0,2,0,0,1.0,7,640,174.0,25.0,1.0,-1.166666666666666,1.0,1.0,0.0,3.0,-1.0,-0.11576728165065829,Normal
15,2,0,0,5,1,0,B,0.0,0.0,0.0,2,0,0,1.0,4,540,112.0,25.0,0.0,-3.333333333333334,1.75,0.0,0.0,0.0,0.0,0.8798781166016855,Normal
15,2,1,1,5,1,1,B,3.0,3.0,4.0,2,0,0,3.0,10,640,176.0,25.0,2.0,4.0,1.0,2.0,2.0,3.0,2.0,-1.2652564115532847,Below normal
16,1,2,0,2,2,3,B,3.0,3.0,3.0,3,0,0,4.0,1,680,210.0,40.0,1.0,6.666666666666666,3.5,1.0,0.0,3.0,2.0,-0.6630210720221605,Normal
16,1,0,0,5,1,1,B,0.0,1.0,2.0,2,0,0,2.0,8,730,223.0,32.0,0.0,6.166666666666666,1.0,0.0,0.0,2.0,1.0,0.40565723805555554,Normal
16,1,1,1,3,2,0,B,0.0,0.0,1.0,2,0,0,2.0,2,630,120.0,22.0,-1.0,4.666666666666666,2.25,-1.0,0.0,0.0,0.0,-0.6665631080035697,Normal
16,1,0,1,1,1,1,B,2.0,3.0,2.0,2,1,0,2.0,10,640,202.0,42.0,2.0,0.5,2.5,2.0,2.0,1.0,1.0,0.6986258370535712,Normal
16,1,3,2,2,3,4,B,2.0,5.0,5.0,2,3,0,3.0,8,740,225.0,87.5,-1.0,4.666666666666666,3.5,-1.0,1.0,3.0,0.0,0.2653551746031756,Normal
16,1,2,2,3,2,2,B,3.0,3.0,2.0,2,2,0,2.0,7,680,170.0,35.0,1.0,4.5,1.0,1.0,1.0,0.0,0.0,-0.829523234374999,Normal
16,1,2,3,2,2,2,B,1.0,1.0,2.0,2,0,0,2.0,4,700,195.0,46.0,-1.0,1.5,1.75,-1.0,-1.0,-1.0,0.0,1.1095890625,Overweight
16,1,3,4,1,3,3,B,3.0,3.0,4.0,2,3,0,3.0,10,680,210.0,46.0,0.0,5.5,4.25,0.0,0.0,0.0,0.0,1.8212120698874934,Overweight
16,1,7,4,2,3,4,B,5.0,5.0,4.0,2,2,0,4.0,1,680,205.0,48.0,-2.0,8.333333333333334,3.5,-2.0,1.0,0.0,1.0,0.06895610908795868,Normal
16,1,7,5,1,5,6,B,7.0,7.0,5.0,2,5,0,5.0,1,680,195.0,52.0,0.0,10.166666666666668,4.25,0.0,1.0,0.0,0.0,1.0688981894841265,Overweight
16,1,4,5,3,4,6,B,4.0,3.0,4.0,2,1,0,3.0,10,520,185.0,36.0,0.0,5.333333333333333,2.0,0.0,-3.0,-1.0,-1.0,0.7469277591794264,Normal
16,1,4,5,1,3,3,B,4.0,4.0,5.0,5,4,0,3.0,10,738,190.0,29.5,0.0,0.0,5.0,0.0,1.0,0.0,0.0,-0.24259247866071362,Normal
16,1,3,5,3,3,4,B,0.0,4.0,1.0,2,3,4,1.0,2,640,200.0,41.0,-3.0,4.0,2.5,-3.0,0.0,-4.0,-2.0,-0.7207388755253388,Normal
16,2,1,0,2,1,1,B,1.0,1.0,2.0,0,0,0,2.0,6,640,135.0,20.0,0.0,3.5,1.0,0.0,0.0,2.0,1.0,-0.9005522324349997,Normal
16,2,0,0,3,1,0,B,1.0,3.0,3.0,2,0,0,2.0,4,670,170.0,32.5,1.0,5.5,2.5,1.0,3.0,3.0,1.0,0.24859175895069394,Normal
16,2,1,0,3,1,0,B,1.0,1.0,2.0,0,1,0,2.0,4,655,159.0,32.0,0.0,10.333333333333332,1.0,0.0,1.0,2.0,1.0,0.02105588074380591,Normal
16,2,0,0,4,1,0,B,0.0,0.0,0.0,2,0,0,1.0,8,665,162.0,32.0,0.0,3.0,1.75,0.0,0.0,0.0,0.0,-1.9330691549674461,Below normal
16,2,0,0,5,1,0,B,0.0,0.0,0.0,0,0,0,1.0,1,615,145.0,27.0,0.0,0.6666666666666661,1.0,0.0,0.0,0.0,0.0,0.012698668271017764,Normal
16,2,1,1,3,1,1,B,0.0,0.0,4.0,2,0,0,1.0,10,660,195.0,33.0,-1.0,10.5,1.25,-1.0,-1.0,3.0,0.0,-0.6515166014109904,Normal
16,2,7,2,2,5,7,B,4.0,5.0,3.0,2,5,0,4.0,5,700,150.0,30.0,-3.0,11.833333333333332,4.25,-3.0,-2.0,1.0,-1.0,0.65794296366562,Normal
16,2,1,2,3,2,2,B,1.0,2.0,1.0,2,0,1,2.0,4,575,110.0,31.0,0.0,3.0,1.75,0.0,0.0,-1.0,0.0,-0.10706635088409067,Normal
16,2,2,2,3,2,2,B,3.0,3.0,2.0,2,0,3,3.0,8,680,155.0,28.0,1.0,4.666666666666666,3.25,1.0,1.0,0.0,1.0,-0.13875268844542307,Normal
16,2,0,2,3,1,2,B,1.0,1.0,3.0,2,0,0,1.0,5,600,177.0,41.5,1.0,5.0,2.0,1.0,-1.0,1.0,0.0,0.8334740373780453,Normal
16,2,3,3,2,3,4,B,3.0,3.0,3.0,5,4,0,2.0,2,695,169.0,31.0,0.0,6.5,4.75,0.0,-1.0,0.0,-1.0,-0.6106770887694046,Normal
16,2,0,3,2,2,0,B,3.0,3.0,1.0,2,0,0,3.0,10,620,170.0,31.0,3.0,5.833333333333334,3.0,3.0,3.0,-2.0,1.0,-0.17969380837590357,Normal
16,2,2,3,2,2,3,B,3.0,3.0,3.0,2,2,0,3.0,4,725,159.0,32.0,1.0,5.5,4.5,1.0,0.0,0.0,1.0,-0.5548506666471743,Normal
16,2,1,3,3,2,3,B,0.0,1.0,2.0,2,0,0,1.0,8,800,190.0,72.5,-1.0,14.166666666666668,3.5,-1.0,-2.0,-1.0,-1.0,0.1864191600165086,Normal
16,2,3,4,3,3,2,B,2.0,3.0,4.0,2,2,0,2.0,8,660,143.0,27.0,-1.0,3.666666666666666,3.5,-1.0,1.0,0.0,-1.0,-0.5409444825287447,Normal
16,2,1,5,2,4,5,B,0.0,4.0,3.0,2,0,0,3.0,7,660,170.0,26.0,-1.0,8.5,5.0,-1.0,-1.0,-2.0,-1.0,0.9488728243049016,Normal
17,1,0,0,3,2,0,B,0.0,0.0,0.0,0,0,0,1.0,8,815,202.0,42.0,0.0,10.333333333333332,1.0,0.0,0.0,0.0,-1.0,-0.09855681859151563,Normal
17,1,0,0,3,1,0,B,5.0,7.0,1.0,2,1,0,2.0,2,824,184.0,41.0,5.0,9.166666666666668,1.0,5.0,7.0,1.0,1.0,-1.8942639905549006,Below normal
17,1,1,0,4,1,0,B,2.0,1.0,2.0,2,1,0,1.0,2,883,220.0,35.0,1.0,5.166666666666667,1.0,1.0,1.0,2.0,0.0,-0.28868977134486645,Normal
17,1,1,0,4,1,1,B,2.0,4.0,4.0,2,0,0,3.0,3,771,213.0,43.0,1.0,2.666666666666666,1.0,1.0,3.0,4.0,2.0,-0.48362920078217386,Normal
17,1,4,1,1,3,4,B,5.0,4.0,0.0,2,4,1,3.0,10,800,213.0,28.0,1.0,7.0,2.0,1.0,0.0,-1.0,0.0,-2.1082265992368874,Thinness
17,1,1,1,2,1,0,B,2.0,2.0,5.0,1,0,1,3.0,10,655,151.0,36.0,1.0,2.5,3.0,1.0,2.0,4.0,2.0,1.6194477403174603,Overweight
17,1,3,3,2,3,3,B,3.0,3.0,3.0,2,1,0,3.0,5,800,200.0,87.5,0.0,8.833333333333332,3.0,0.0,0.0,0.0,0.0,0.37684004553107975,Normal
17,1,4,3,2,3,4,B,7.0,6.0,5.0,2,3,0,5.0,5,900,196.0,38.0,3.0,13.0,5.0,3.0,2.0,2.0,2.0,-0.6721156238457751,Normal
17,1,0,3,3,2,2,B,3.0,4.0,5.0,2,0,0,3.0,10,840,289.0,53.0,3.0,0.0,3.0,3.0,2.0,2.0,1.0,-0.3418779374471682,Normal
17,1,4,4,2,4,6,B,4.0,4.0,3.0,2,1,1,3.0,5,850,258.0,44.5,0.0,12.833333333333332,5.0,0.0,-2.0,-1.0,-1.0,-0.17083053673710988,Normal
17,1,5,4,2,4,5,B,5.0,5.0,4.0,2,3,4,4.0,8,760,205.0,72.5,0.0,10.833333333333334,4.25,0.0,0.0,0.0,0.0,-0.6223836746326649,Normal
17,1,4,4,3,4,5,B,4.0,5.0,4.0,5,4,0,3.0,4,740,215.0,75.0,0.0,8.5,5.0,0.0,0.0,0.0,-1.0,-0.7951447643702456,Normal
17,1,3,4,2,3,3,B,4.0,4.0,2.0,2,4,0,3.0,1,1008,208.0,50.5,1.0,6.5,3.0,1.0,1.0,-2.0,0.0,0.38205357142857116,Normal
17,1,4,4,2,3,4,B,3.0,3.0,3.0,2,0,0,3.0,10,620,200.0,33.0,-1.0,7.333333333333334,5.0,-1.0,-1.0,-1.0,0.0,-1.3118036083234956,Below normal
17,1,4,4,2,3,3,B,4.0,3.0,4.0,2,3,0,3.0,5,614,196.0,35.0,0.0,6.5,5.0,0.0,0.0,0.0,0.0,0.19719999999999974,Normal
17,1,5,4,3,3,5,B,4.0,4.0,3.0,2,1,2,3.0,7,750,218.0,55.0,-1.0,11.333333333333332,4.75,-1.0,-1.0,-1.0,0.0,-0.5942857142857154,Normal
17,1,4,5,1,4,3,B,3.0,3.0,3.0,2,3,3,2.0,10,755,200.0,38.0,-1.0,0.3333333333333339,3.5,-1.0,0.0,-2.0,-2.0,-0.8719253656851079,Normal
17,1,6,5,1,4,6,B,7.0,7.0,5.0,5,5,0,5.0,7,760,230.0,92.5,1.0,-0.16666666666666607,4.5,1.0,1.0,0.0,1.0,-0.20753077933270334,Normal
17,1,6,5,2,4,5,B,4.0,4.0,4.0,2,5,0,4.0,2,860,194.0,43.0,-2.0,11.5,3.75,-2.0,-1.0,-1.0,0.0,1.0874832933220624,Overweight
17,1,6,5,4,4,6,B,6.0,6.0,5.0,2,3,3,5.0,7,750,205.0,45.0,0.0,2.833333333333333,3.25,0.0,0.0,0.0,1.0,-0.4773733676295989,Normal
17,1,5,5,2,3,5,B,5.0,3.0,5.0,2,0,0,3.0,10,640,140.0,45.0,0.0,0.0,3.0,0.0,-2.0,0.0,0.0,1.1434572788989856,Overweight
17,2,0,0,3,1,1,B,1.0,1.0,0.0,2,0,0,1.0,7,700,200.0,33.0,1.0,4.333333333333334,1.0,1.0,0.0,0.0,0.0,0.3082188235970229,Normal
17,2,0,0,3,1,0,B,0.0,0.0,0.0,2,0,0,1.0,10,600,113.0,38.0,0.0,0.0,1.0,0.0,0.0,0.0,0.0,0.5217976627183712,Normal
17,2,1,1,1,1,1,B,1.0,2.0,2.0,2,0,0,2.0,9,690,155.0,26.0,0.0,0.8333333333333339,1.75,0.0,1.0,1.0,1.0,-0.1922301344512615,Normal
17,2,1,1,4,1,1,B,1.0,1.0,0.0,2,0,0,1.0,4,630,140.0,36.0,0.0,0.8333333333333339,1.0,0.0,0.0,-1.0,0.0,0.4191290858079797,Normal
17,2,1,2,3,2,1,B,0.0,0.0,1.0,2,1,0,1.0,10,760,190.0,80.0,-1.0,3.0,2.0,-1.0,-1.0,-1.0,-1.0,1.4996616555213942,Overweight
17,2,3,3,2,3,4,B,2.0,3.0,3.0,4,0,0,3.0,8,680,158.25458748625664,67.5,-1.0,11.166666666666668,4.0,-1.0,-1.0,0.0,0.0,0.3075182203478101,Normal
17,2,0,3,2,2,4,B,1.0,2.0,1.0,1,2,1,1.0,1,745,160.0,19.0,1.0,4.0,2.5,1.0,-2.0,-2.0,-1.0,-3.5110301334805563,Thinness
17,2,0,3,3,2,2,B,3.0,3.0,3.0,2,2,0,2.0,6,760,180.0,77.5,3.0,6.166666666666666,3.0,3.0,1.0,0.0,0.0,-0.09282732362366922,Normal
17,2,1,3,4,2,4,B,0.0,3.0,1.0,2,0,0,3.0,10,680,165.0,55.0,-1.0,5.666666666666666,2.75,-1.0,-1.0,-2.0,1.0,0.927097586390565,Normal
17,2,2,3,5,2,2,B,0.0,3.0,3.0,2,1,0,2.0,10,690,170.0,24.5,-2.0,1.833333333333334,2.75,-2.0,1.0,0.0,0.0,0.3057341298919325,Normal
17,2,2,4,2,3,3,B,3.0,3.0,4.0,4,2,0,3.0,8,740,222.0,30.0,1.0,5.666666666666666,5.0,1.0,0.0,0.0,0.0,-2.0307356449021565,Thinness
17,2,2,4,3,1,2,B,3.0,3.0,4.0,5,2,0,2.0,5,680,170.0,26.0,1.0,0.5,1.0,1.0,1.0,0.0,1.0,-0.4273472509563971,Normal
17,2,5,5,2,4,4,B,4.0,4.0,3.0,2,4,0,3.0,8,649,170.0,33.0,-1.0,9.666666666666666,4.5,-1.0,0.0,-2.0,-1.0,-0.10446423748961779,Normal
17,2,3,5,1,3,3,B,4.0,4.0,5.0,2,3,0,4.0,10,820,200.0,31.0,1.0,9.0,5.0,1.0,1.0,0.0,1.0,-0.18541356062392306,Normal
18,1,0,0,3,1,1,B,2.0,0.0,0.0,2,0,0,1.0,3,803,228.0,48.0,2.0,0.0,1.0,2.0,-1.0,0.0,0.0,-0.45964836560758016,Normal
18,1,5,4,5,3,5,B,4.0,5.0,4.0,5,0,0,3.0,5,594,205.0,39.0,-1.0,8.333333333333334,4.0,-1.0,0.0,0.0,0.0,0.5684485225275634,Normal
18,2,1,2,3,2,1,B,1.0,1.0,2.0,2,1,0,2.0,9,527,105.0,31.0,0.0,3.666666666666666,2.75,0.0,0.0,0.0,0.0,0.5752676961183852,Normal
18,1,3,3,3,3,3,B,4.0,4.0,3.0,3,3,0,3.0,8,700,190.0,46.0,1.0,8.0,5.0,1.0,1.0,0.0,0.0,0.562130140453371,Normal
